"sample"	"N_mut"	"N_mut_corrected"	"DEPTH"	"experiment"	"patient_id"	"mutrate_observed"	"mutrate_CI_high"	"mutrate_CI_low"	"Muts_per_cell"
"sample_out"	"CBL_0001_BLO_01"	"35"	43.1961591247809	702788114	"tws"	"CBL_0001"	6.14639864623278e-08	8.27289504683867e-08	4.56650512655042e-08	351.737060988841
"sample_out.1"	"CBL_0003_BLO_01"	"26"	33.8898055025831	1084821067	"tws"	"CBL_0003"	3.1239995731557e-08	4.36763251163659e-08	2.23447734276917e-08	178.775652481582
"sample_out.2"	"CBL_0005_BLO_01"	"47"	57.8657170321496	1014269889	"tws"	"CBL_0005"	5.7051597074622e-08	7.37663747771623e-08	4.41242376373626e-08	326.486488019233
"X"	"PD48442_cordblood_nanoseqv2"	"41"	38.43131656	2799554062	"Nanoseq_Sanger"	"PD48442"	1.3727656515604e-08	1.88077564926817e-08	1.00197270717184e-08	78.5586135065018
"X.1"	"PD47269_cordblood_nanoseqv2"	"26"	28.29844724	2003725667	"Nanoseq_Sanger"	"PD47269"	1.4122914980856e-08	2.03725005830704e-08	9.79049013976303e-09	80.8205405128782
